ACURA,CL,1997
ACURA,CL,2003
ACURA,MDX SPORT HYBRID,2018
ACURA,MDX,2006
ACURA,MDX,2008
ACURA,RSX,2002
ACURA,TL,2003
ACURA,TL,2004
ACURA,TL,2012
ACURA,TSX,2009
ALFA ROMEO,164,1992
ALFA ROMEO,164,1995
ALFA ROMEO,4C SPIDER,2016
ALFA ROMEO,GIULIA,2019
ALFA ROMEO,STELVIO,2018
ALFA ROMEO,aaa,2021
ASTON MARTIN,DB9 GT,2016
ASTON MARTIN,DB9,2014
AUDI,80,1992
AUDI,80,2020
AUDI,A3 SPORTBACK E-TRON,2018
AUDI,A3,2006
AUDI,A3,2007
AUDI,A3,2010
AUDI,A3,2011
AUDI,A3,2013
AUDI,A3,2016
AUDI,A4 ALLROAD,2017
AUDI,A4 ALLROAD,2019
AUDI,A4,2000
AUDI,A4,2001
AUDI,A4,2002
AUDI,A4,2007
AUDI,A4,2011
AUDI,A4,2012
AUDI,A4,2013
AUDI,A4,2015
AUDI,A4,2016
AUDI,A5 SPORT,2017
AUDI,A5,2009
AUDI,A5,2010
AUDI,A5,2011
AUDI,A6 ALLROAD,2021
AUDI,A6,1999
AUDI,A6,2003
AUDI,A6,2005
AUDI,A6,2006
AUDI,A6,2012
AUDI,A6,2013
AUDI,A6,2014
AUDI,A6,2016
AUDI,A6,2017
AUDI,A7,2018
AUDI,A8,2013
AUDI,Q3,2015
AUDI,Q3,2017
AUDI,Q3,2018
AUDI,Q5,2010
AUDI,Q5,2012
AUDI,Q5,2014
AUDI,RS 3,2019
AUDI,RS 6,2003
AUDI,RS 7,2018
AUDI,S8,2018
AUDI,TT,2001
AUDI,TT,2010
BENTLEY,BROOKLANDS,2010
BENTLEY,TEST,2021
BMW,1 SERIES,2008
BMW,1 SERIES,2009
BMW,1 SERIES,2010
BMW,1 SERIES,2011
BMW,1 SERIES,2013
BMW,2 SERIES,2014
BMW,3 SERIES,1992
BMW,3 SERIES,1997
BMW,3 SERIES,2006
BMW,3 SERIES,2007
BMW,3 SERIES,2008
BMW,3 SERIES,2009
BMW,3 SERIES,2010
BMW,3 SERIES,2011
BMW,3 SERIES,2012
BMW,3 SERIES,2013
BMW,5 SERIES,1995
BMW,5 SERIES,2004
BMW,5 SERIES,2005
BMW,5 SERIES,2006
BMW,5 SERIES,2008
BMW,5 SERIES,2009
BMW,5 SERIES,2010
BMW,5 SERIES,2011
BMW,5 SERIES,2012
BMW,5 SERIES,2013
BMW,7 SERIES,2003
BMW,M3,2002
BMW,M3,2006
BMW,M6,2006
BMW,X1,2013
BMW,X3,2007
BMW,X3,2013
BMW,X5,2007
BMW,X5,2010
BMW,X5,2011
BMW,X5,2013
BUICK,LACROSSE,2010
CADILLAC,CTS,2008
CADILLAC,ESCALADE ESV,2004
CADILLAC,ESCALADE,2007
CHEVROLET,1500 EXTENDED CAB,1998
CHEVROLET,1500 EXTENDED CAB,1999
CHEVROLET,CAPTIVA SPORT,2012
CHEVROLET,COBALT,2007
CHEVROLET,COBALT,2009
CHEVROLET,COBALT,2010
CHEVROLET,COLORADO CREW CAB,2019
CHEVROLET,COLORADO EXTENDED CAB,2019
CHEVROLET,CORSICA,2013
CHEVROLET,EXPRESS 2500 CARGO,2017
CHEVROLET,EXPRESS 3500 PASSENGER,2001
CHEVROLET,EXPRESS 3500 PASSENGER,2010
CHEVROLET,EXPRESS 3500 PASSENGER,2012
CHEVROLET,EXPRESS 3500 PASSENGER,2016
CHEVROLET,MALIBU,2010
CHEVROLET,MALIBU,2011
CHEVROLET,MALIBU,2015
CHEVROLET,MALIBU,2016
CHEVROLET,MALIBU,2019
CHEVROLET,S10 REGULAR CAB,1992
CHEVROLET,SILVERADO 1500 CREW CAB,2010
CHEVROLET,SILVERADO 1500 CREW CAB,2014
CHEVROLET,SILVERADO 1500 CREW CAB,2016
CHEVROLET,SILVERADO 1500 DOUBLE CAB,2016
CHEVROLET,SILVERADO 1500 DOUBLE CAB,2018
CHEVROLET,SILVERADO 1500 DOUBLE CAB,2019
CHEVROLET,SILVERADO 1500 EXTENDED CAB,2013
CHEVROLET,SILVERADO 1500 REGULAR CAB,2009
CHEVROLET,SUBURBAN 1500,2014
CHEVROLET,TAHOE,2001
CHEVROLET,TRAILBLAZER,2004
CHEVROLET,TRAVERSE,2011
CHEVROLET,TRAVERSE,2015
CHEVROLET,TRAVERSE,2018
CHEVROLET,TRAVERSE,2022
CHRYSLER,200,2012
CHRYSLER,ASPEN,2009
CHRYSLER,GRAND VOYAGER,2000
CHRYSLER,LEBARON,1992
CHRYSLER,TOWN & COUNTRY,2011
CHRYSLER,TOWN & COUNTRY,2013
Citroen,C4 Cactus,2016
DODGE,AVENGER,2012
DODGE,CALIBER,2008
DODGE,CARAVAN PASSENGER,2003
DODGE,CARAVAN PASSENGER,2007
DODGE,CHARGER,2012
DODGE,DAKOTA QUAD CAB,2007
DODGE,DART,2013
DODGE,DART,2014
DODGE,DART,2015
DODGE,DART,2016
DODGE,DURANGO,2013
DODGE,GRAND CARAVAN PASSENGER,2006
DODGE,GRAND CARAVAN PASSENGER,2008
DODGE,GRAND CARAVAN PASSENGER,2014
DODGE,GRAND CARAVAN PASSENGER,2016
DODGE,GRAND CARAVAN PASSENGER,2019
DODGE,JOURNEY,2010
DODGE,JOURNEY,2013
DODGE,JOURNEY,2016
DODGE,NEON,2005
DODGE,RAM 1500 QUAD CAB,2004
DODGE,RAM 2500 MEGA CAB,2010
DODGE,RAM WAGON 2500,1999
Dacia,Sandero,2017
FIAT,124 SPIDER,2017
FIAT,500 ABARTH,2016
FIAT,500,2012
FIAT,500,2014
FIAT,500,2016
FIAT,500,2017
FIAT,500,2018
FIAT,500,2019
FIAT,500C ABARTH,2019
FIAT,500C,2017
FIAT,500L,2017
FIAT,500L,2018
FORD,BRONCO SPORT,2021
FORD,C-MAX HYBRID,2016
FORD,CONTOUR,2000
FORD,EDGE,2010
FORD,EDGE,2015
FORD,EDGE,2021
FORD,ESCAPE,2009
FORD,ESCAPE,2013
FORD,ESCAPE,2014
FORD,ESCAPE,2015
FORD,EXPEDITION EL,2013
FORD,EXPEDITION EL,2016
FORD,EXPEDITION EL,2017
FORD,EXPEDITION,2011
FORD,EXPLORER,2013
FORD,EXPLORER,2014
FORD,EXPLORER,2016
FORD,EXPLORER,2017
FORD,F150 (HERITAGE) SUPER CAB,2004
FORD,F150 REGULAR CAB,2007
FORD,F150 REGULAR CAB,2008
FORD,F150 REGULAR CAB,2016
FORD,F150 SUPER CAB,2005
FORD,F150 SUPER CAB,2008
FORD,F150 SUPER CAB,2017
FORD,F150 SUPER CAB,2019
FORD,F150 SUPERCREW CAB,2001
FORD,F150 SUPERCREW CAB,2003
FORD,F150 SUPERCREW CAB,2005
FORD,F150 SUPERCREW CAB,2010
FORD,F150 SUPERCREW CAB,2012
FORD,F150 SUPERCREW CAB,2016
FORD,F150 SUPERCREW CAB,2017
FORD,F150 SUPERCREW CAB,2018
FORD,F150 SUPERCREW CAB,2020
FORD,F150 SUPERCREW CAB,2021
FORD,F350 SUPER DUTY CREW CAB,2014
FORD,F350 SUPER DUTY CREW CAB,2015
FORD,F350 SUPER DUTY REGULAR CAB,2007
FORD,FIESTA,2007
FORD,FIESTA,2011
FORD,FIESTA,2013
FORD,FIESTA,2014
FORD,FIESTA,2016
FORD,FLEX,2011
FORD,FLEX,2013
FORD,FOCUS ST,2015
FORD,FOCUS,2002
FORD,FOCUS,2003
FORD,FOCUS,2006
FORD,FOCUS,2007
FORD,FOCUS,2008
FORD,FOCUS,2011
FORD,FOCUS,2012
FORD,FOCUS,2013
FORD,FOCUS,2015
FORD,FOCUS,2016
FORD,FOCUS,2018
FORD,FOCUS,2021
FORD,FUSION,2006
FORD,FUSION,2008
FORD,FUSION,2010
FORD,FUSION,2013
FORD,FUSION,2015
FORD,FUSION,2016
FORD,FUSION,2018
FORD,MUSTANG,2006
FORD,MUSTANG,2020
FORD,RANGER SUPERCAB,2019
FORD,RANGER SUPERCREW,2021
FORD,TAURUS,2008
FORD,TAURUS,2011
FORD,TRANSIT 150 VAN,2018
FORD,TRANSIT 250 VAN,2018
FORD,TRANSIT CONNECT CARGO VAN,2021
FORD,TRANSIT CONNECT CARGO,2018
FORD,TRANSIT CONNECT PASSENGER,2010
GENESIS,G70,2019
GENESIS,G70,2021
GENESIS,G80,2018
GMC,1500 REGULAR CAB,1992
GMC,SIERRA 1500 CREW CAB,2018
GMC,SIERRA 1500 CREW CAB,2020
GMC,YUKON DENALI,2000
GMC,YUKON DENALI,2020
HONDA,ACCORD,2001
HONDA,ACCORD,2003
HONDA,ACCORD,2004
HONDA,ACCORD,2008
HONDA,ACCORD,2009
HONDA,ACCORD,2011
HONDA,ACCORD,2012
HONDA,ACCORD,2013
HONDA,ACCORD,2014
HONDA,ACCORD,2016
HONDA,ACCORD,2017
HONDA,ACCORD,2019
HONDA,ACCORD,2020
HONDA,ACCORD,2021
HONDA,CIVIC TYPE R,2018
HONDA,CIVIC,1995
HONDA,CIVIC,1996
HONDA,CIVIC,2001
HONDA,CIVIC,2003
HONDA,CIVIC,2004
HONDA,CIVIC,2005
HONDA,CIVIC,2006
HONDA,CIVIC,2007
HONDA,CIVIC,2008
HONDA,CIVIC,2009
HONDA,CIVIC,2010
HONDA,CIVIC,2012
HONDA,CIVIC,2013
HONDA,CIVIC,2014
HONDA,CIVIC,2015
HONDA,CIVIC,2016
HONDA,CIVIC,2017
HONDA,CIVIC,2018
HONDA,CIVIC,2019
HONDA,CIVIC,2020
HONDA,CIVIC,2021
HONDA,CLARITY ELECTRIC,2018
HONDA,CLARITY PLUG-IN HYBRID,2018
HONDA,CLARITY PLUG-IN HYBRID,2019
HONDA,CR-V,1999
HONDA,CR-V,2007
HONDA,CR-V,2008
HONDA,CR-V,2010
HONDA,CR-V,2011
HONDA,CR-V,2012
HONDA,CR-V,2015
HONDA,CR-V,2016
HONDA,CR-V,2019
HONDA,CR-V,2020
HONDA,CR-V,2021
HONDA,CR-Z,2016
HONDA,ELEMENT,2003
HONDA,ELEMENT,2006
HONDA,ELEMENT,2007
HONDA,ELEMENT,2008
HONDA,ELEMENT,2011
HONDA,FIT,2008
HONDA,FIT,2010
HONDA,FIT,2011
HONDA,FIT,2012
HONDA,FIT,2013
HONDA,INSIGHT,2010
HONDA,INSIGHT,2019
HONDA,ODYSSEY,1998
HONDA,ODYSSEY,2009
HONDA,ODYSSEY,2011
HONDA,ODYSSEY,2014
HONDA,ODYSSEY,2015
HONDA,ODYSSEY,2018
HONDA,ODYSSEY,2019
HONDA,ODYSSEY,2020
HONDA,PASSPORT,2021
HONDA,PILOT,2006
HONDA,PILOT,2008
HONDA,PILOT,2011
HONDA,PILOT,2013
HONDA,PILOT,2014
HONDA,PILOT,2017
HONDA,PRELUDE,1997
HONDA,RIDGELINE,2007
HONDA,S2000,2005
HYUNDAI,ACCENT,2013
HYUNDAI,ACCENT,2018
HYUNDAI,ACCENT,2019
HYUNDAI,ACCENT,2020
HYUNDAI,ELANTRA,2005
HYUNDAI,ELANTRA,2013
HYUNDAI,ELANTRA,2014
HYUNDAI,ELANTRA,2015
HYUNDAI,ELANTRA,2016
HYUNDAI,ELANTRA,2017
HYUNDAI,ELANTRA,2018
HYUNDAI,ELANTRA,2019
HYUNDAI,ELANTRA,2020
HYUNDAI,ELANTRA,2021
HYUNDAI,GENESIS COUPE,2010
HYUNDAI,GENESIS COUPE,2013
HYUNDAI,GENESIS,2012
HYUNDAI,GENESIS,2013
HYUNDAI,IONIQ ELECTRIC,2019
HYUNDAI,IONIQ HYBRID,2018
HYUNDAI,IONIQ PLUG-IN HYBRID,2018
HYUNDAI,KONA ELECTRIC,2020
HYUNDAI,PALISADE,2020
HYUNDAI,SANTA FE SPORT,2015
HYUNDAI,SANTA FE SPORT,2018
HYUNDAI,SANTA FE XL,2019
HYUNDAI,SANTA FE,2012
HYUNDAI,SANTA FE,2022
HYUNDAI,SONATA HYBRID,2021
HYUNDAI,SONATA,2011
HYUNDAI,SONATA,2014
HYUNDAI,SONATA,2015
HYUNDAI,SONATA,2017
HYUNDAI,SONATA,2018
HYUNDAI,SONATA,2020
HYUNDAI,TIBURON,1997
HYUNDAI,TUCSON,2005
HYUNDAI,TUCSON,2011
HYUNDAI,TUCSON,2013
HYUNDAI,TUCSON,2014
HYUNDAI,TUCSON,2015
HYUNDAI,TUCSON,2016
HYUNDAI,TUCSON,2017
HYUNDAI,TUCSON,2021
HYUNDAI,TUCSON,2022
HYUNDAI,i30,2020
INFINITI,EX,2010
INFINITI,FX,2007
INFINITI,FX,2008
INFINITI,FX,2010
INFINITI,FX,2011
INFINITI,G,2003
INFINITI,G,2007
INFINITI,G,2010
INFINITI,G,2013
INFINITI,I,2002
INFINITI,Q50,2014
INFINITI,QX50,2017
INFINITI,QX60,2014
INFINITI,QX60,2015
JAGUAR,I-PACE,2019
JEEP,CHEROKEE,2000
JEEP,GRAND CHEROKEE,2004
JEEP,GRAND CHEROKEE,2005
JEEP,GRAND CHEROKEE,2006
JEEP,GRAND CHEROKEE,2012
JEEP,LIBERTY,2004
JEEP,PATRIOT,2016
JEEP,PATRIOT,2017
JEEP,RENEGADE,2017
JEEP,WRANGLER UNLIMITED,2017
JEEP,WRANGLER,1998
JEEP,WRANGLER,2007
JEEP,WRANGLER,2011
JEEP,WRANGLER,2016
JEEP,WRANGLER,2021
KIA,BORREGO,2009
KIA,Cee'd,2012
KIA,K5,2021
KIA,NIRO,2017
KIA,NIRO,2018
KIA,NIRO,2019
KIA,OPTIMA HYBRID,2015
KIA,OPTIMA,2013
KIA,OPTIMA,2014
KIA,OPTIMA,2015
KIA,OPTIMA,2018
KIA,OPTIMA,2020
KIA,RIO,2006
KIA,RIO,2012
KIA,RIO,2013
KIA,RIO,2014
KIA,RIO,2015
KIA,RIO,2017
KIA,RIO,2018
KIA,SELTOS,2021
KIA,SORENTO,2011
KIA,SORENTO,2015
KIA,SOUL EV,2019
KIA,SOUL,2010
KIA,SOUL,2011
KIA,SOUL,2014
KIA,SOUL,2015
KIA,SOUL,2018
KIA,SOUL,2021
KIA,SPECTRA,2007
KIA,SPORTAGE,2006
KIA,SPORTAGE,2008
KIA,SPORTAGE,2017
KIA,SPORTAGE,2021
KIA,ceed,2014
LAMBORGHINI,AVENTADOR,2012
LAMBORGHINI,HURACAN,2017
LAND ROVER,DISCOVERY SPORT,2015
LAND ROVER,FREELANDER,2005
LAND ROVER,LR2,2008
LAND ROVER,LR2,2009
LAND ROVER,LR2,2010
LAND ROVER,LR4,2010
LAND ROVER,RANGE ROVER EVOQUE,2013
LAND ROVER,RANGE ROVER SPORT,2006
LAND ROVER,RANGE ROVER SPORT,2007
LAND ROVER,RANGE ROVER SPORT,2008
LAND ROVER,RANGE ROVER,2013
LAND ROVER,RANGE ROVER,2014
LAND ROVER,RANGE ROVER,2015
LAND ROVER,RANGE ROVER,2016
LAND ROVER,RANGE ROVER,2020
LEXUS,CT,2012
LEXUS,CT,2013
LEXUS,CT,2016
LEXUS,ES,2014
LEXUS,ES,2017
LEXUS,GS,2002
LEXUS,IS,2008
LEXUS,IS,2020
LEXUS,LX,1998
LEXUS,NX,2015
LEXUS,NX,2017
LEXUS,NX,2019
LEXUS,RX,2005
LEXUS,RX,2007
LEXUS,RX,2008
LEXUS,RX,2010
LEXUS,RX,2015
LINCOLN,MKS,2010
LINCOLN,MKZ,2013
LINCOLN,NAVIGATOR,2015
MASERATI,LEVANTE,2019
MAZDA,CX-3,2016
MAZDA,CX-30,2021
MAZDA,CX-5,2013
MAZDA,CX-5,2014
MAZDA,CX-5,2018
MAZDA,CX-5,2019
MAZDA,CX-5,2020
MAZDA,CX-5,2021
MAZDA,CX-9,2009
MAZDA,CX-9,2020
MAZDA,Demio,2008
MAZDA,MAZDA2,2013
MAZDA,MAZDA2,2014
MAZDA,MAZDA3,2004
MAZDA,MAZDA3,2005
MAZDA,MAZDA3,2008
MAZDA,MAZDA3,2009
MAZDA,MAZDA3,2010
MAZDA,MAZDA3,2012
MAZDA,MAZDA3,2014
MAZDA,MAZDA3,2015
MAZDA,MAZDA3,2016
MAZDA,MAZDA3,2017
MAZDA,MAZDA3,2019
MAZDA,MAZDA5,2010
MAZDA,MAZDA6,2003
MAZDA,MAZDA6,2010
MAZDA,MAZDA6,2014
MAZDA,MAZDA6,2015
MAZDA,MX-5 MIATA,1992
MAZDA,MX-5 MIATA,2005
MAZDA,MX-5 MIATA,2007
MAZDA,MX-5 MIATA,2010
MAZDA,PROTEGE,2001
MERCEDES-BENZ,500 SL,1993
MERCEDES-BENZ,A-CLASS,2009
MERCEDES-BENZ,A-CLASS,2019
MERCEDES-BENZ,A-CLASS,2021
MERCEDES-BENZ,B-CLASS,2014
MERCEDES-BENZ,B-CLASS,2015
MERCEDES-BENZ,C-CLASS,2000
MERCEDES-BENZ,C-CLASS,2002
MERCEDES-BENZ,C-CLASS,2003
MERCEDES-BENZ,C-CLASS,2004
MERCEDES-BENZ,C-CLASS,2007
MERCEDES-BENZ,C-CLASS,2008
MERCEDES-BENZ,C-CLASS,2009
MERCEDES-BENZ,C-CLASS,2010
MERCEDES-BENZ,C-CLASS,2011
MERCEDES-BENZ,C-CLASS,2012
MERCEDES-BENZ,C-CLASS,2013
MERCEDES-BENZ,C-CLASS,2014
MERCEDES-BENZ,C-CLASS,2015
MERCEDES-BENZ,C-CLASS,2016
MERCEDES-BENZ,C-CLASS,2017
MERCEDES-BENZ,C-CLASS,2018
MERCEDES-BENZ,C-CLASS,2019
MERCEDES-BENZ,C-CLASS,2021
MERCEDES-BENZ,CLA,2018
MERCEDES-BENZ,CLK-CLASS,2000
MERCEDES-BENZ,CLS,2017
MERCEDES-BENZ,CLS-CLASS,2013
MERCEDES-BENZ,E-CLASS,1995
MERCEDES-BENZ,E-CLASS,2002
MERCEDES-BENZ,E-CLASS,2010
MERCEDES-BENZ,E-CLASS,2011
MERCEDES-BENZ,E-CLASS,2014
MERCEDES-BENZ,E-CLASS,2015
MERCEDES-BENZ,E-CLASS,2016
MERCEDES-BENZ,E-CLASS,2020
MERCEDES-BENZ,GLA,2016
MERCEDES-BENZ,GLA-CLASS,2015
MERCEDES-BENZ,GLC COUPE,2018
MERCEDES-BENZ,GLC COUPE,2019
MERCEDES-BENZ,GLC,2016
MERCEDES-BENZ,GLC,2018
MERCEDES-BENZ,GLC,2020
MERCEDES-BENZ,GLC,2021
MERCEDES-BENZ,GLE,2019
MERCEDES-BENZ,GLK-CLASS,2010
MERCEDES-BENZ,GLK-CLASS,2012
MERCEDES-BENZ,GLS,2019
MERCEDES-BENZ,M-CLASS,2012
MERCEDES-BENZ,M-CLASS,2014
MERCEDES-BENZ,MERCEDES-AMG C-CLASS,2018
MERCEDES-BENZ,MERCEDES-AMG C-CLASS,2019
MERCEDES-BENZ,MERCEDES-AMG CLA,2019
MERCEDES-BENZ,MERCEDES-AMG E-CLASS,2017
MERCEDES-BENZ,MERCEDES-AMG GLA,2017
MERCEDES-BENZ,MERCEDES-AMG GLA,2018
MERCEDES-BENZ,S-CLASS,2004
MERCEDES-BENZ,S-CLASS,2019
MERCEDES-BENZ,SPRINTER 2500 CARGO,2017
MERCEDES-BENZ,SPRINTER 2500 CARGO,2019
MERCEDES-BENZ,SPRINTER 3500 CARGO,2017
MERCEDES-BENZ,SPRINTER WORKER CARGO,2018
MERCEDES-BENZ,eqc,2021
MINI,COOPER,2004
MINI,COOPER,2005
MINI,COOPER,2008
MINI,COUNTRYMAN,2017
MINI,COUNTRYMAN,2018
MINI,COUPE,2015
MITSUBISHI,ECLIPSE CROSS,2019
MITSUBISHI,ECLIPSE,2003
MITSUBISHI,LANCER,2005
MITSUBISHI,LANCER,2006
MITSUBISHI,LANCER,2008
MITSUBISHI,LANCER,2012
MITSUBISHI,LANCER,2017
MITSUBISHI,MIRAGE,2020
MITSUBISHI,OUTLANDER PHEV,2018
MITSUBISHI,OUTLANDER SPORT,2012
MITSUBISHI,OUTLANDER,2007
MITSUBISHI,OUTLANDER,2008
MITSUBISHI,OUTLANDER,2014
NISSAN,200SX,1997
NISSAN,350Z,2007
NISSAN,ALTIMA,2011
NISSAN,ALTIMA,2012
NISSAN,ALTIMA,2016
NISSAN,ALTIMA,2017
NISSAN,ARMADA,2017
NISSAN,FRONTIER CREW CAB,2010
NISSAN,GT-R,2009
NISSAN,JUKE,2013
NISSAN,JUKE,2014
NISSAN,JUKE,2015
NISSAN,JUKE,2016
NISSAN,JUKE,2017
NISSAN,KICKS,2021
NISSAN,LEAF,2011
NISSAN,LEAF,2012
NISSAN,LEAF,2019
NISSAN,MAXIMA,1998
NISSAN,MAXIMA,2016
NISSAN,MURANO,2009
NISSAN,MURANO,2011
NISSAN,MURANO,2012
NISSAN,MURANO,2014
NISSAN,MURANO,2020
NISSAN,NV200,2015
NISSAN,NV200,2019
NISSAN,NV2500 HD CARGO,2015
NISSAN,PATHFINDER,2001
NISSAN,PATHFINDER,2003
NISSAN,PATHFINDER,2008
NISSAN,PATHFINDER,2014
NISSAN,QUEST,2004
NISSAN,ROGUE,2011
NISSAN,ROGUE,2016
NISSAN,ROGUE,2017
NISSAN,ROGUE,2018
NISSAN,ROGUE,2019
NISSAN,ROGUE,2020
NISSAN,SENTRA,2006
NISSAN,SENTRA,2014
NISSAN,SENTRA,2017
NISSAN,TITAN CREW CAB,2019
NISSAN,VERSA,2009
NISSAN,VERSA,2015
NISSAN,XTERRA,2005
NISSAN,XTrail,2009
NISSAN,qashqi,2008
Opel astra,Gti 2000,2000
PONTIAC,GRAND AM,1993
PORSCHE,911,2001
PORSCHE,911,2014
PORSCHE,911,2018
PORSCHE,911,2019
PORSCHE,BOXSTER,1997
PORSCHE,CAYENNE COUPE,2020
PORSCHE,MACAN,2017
PORSCHE,TAYCAN,2020
PORSCHE,TAYCAN,2021
RAM,1500 CLASSIC CREW CAB,2016
RAM,1500 CREW CAB,2012
RAM,1500 CREW CAB,2016
RAM,1500 CREW CAB,2018
RAM,1500 QUAD CAB,2017
RAM,2500 CREW CAB,2014
RAM,2500 CREW CAB,2016
RAM,PROMASTER 3500 CARGO,2014
RAM,PROMASTER CITY,2018
RIVIAN,R1T,2021
Renault,Laguna,2003
Renault,gt,2017
SAAB,3-SEP,2008
SAAB,9-2X,2005
SATURN,ION,2007
SCION,TC,2006
SKODA,FABIA,2017
SMART,FORTWO ELECTRIC DRIVE,2016
SMART,FORTWO,2008
SMART,FORTWO,2020
SUBARU,ASCENT,2019
SUBARU,BRZ,2015
SUBARU,CROSSTREK,2016
SUBARU,CROSSTREK,2018
SUBARU,CROSSTREK,2019
SUBARU,FORESTER,2005
SUBARU,FORESTER,2014
SUBARU,FORESTER,2015
SUBARU,FORESTER,2016
SUBARU,FORESTER,2019
SUBARU,FORESTER,2020
SUBARU,FORESTER,2021
SUBARU,IMPREZA,2001
SUBARU,IMPREZA,2004
SUBARU,IMPREZA,2011
SUBARU,IMPREZA,2012
SUBARU,IMPREZA,2014
SUBARU,LEGACY,1998
SUBARU,LEGACY,2007
SUBARU,LEGACY,2008
SUBARU,LEGACY,2009
SUBARU,OUTBACK,2012
SUBARU,OUTBACK,2013
SUBARU,OUTBACK,2014
SUBARU,OUTBACK,2015
SUBARU,OUTBACK,2016
SUBARU,OUTBACK,2017
SUBARU,OUTBACK,2018
SUBARU,OUTBACK,2021
SUBARU,SVX,1996
SUBARU,WRX,2015
SUBARU,WRX,2018
SUBARU,XV CROSSTREK,2015
SUZUKI,EQUATOR CREW CAB,2012
SUZUKI,ESTEEM,2002
SUZUKI,SWIFT,2001
SUZUKI,SX4,2011
Seat ,Ibiza ,2005
TESLA,MODEL 3,2018
TESLA,MODEL 3,2019
TESLA,MODEL 3,2020
TESLA,MODEL 3,2021
TESLA,MODEL S,2013
TESLA,MODEL S,2016
TESLA,MODEL S,2017
TESLA,MODEL S,2018
TESLA,MODEL S,2019
TESLA,MODEL S,2021
TESLA,MODEL X,2016
TESLA,MODEL X,2017
TESLA,MODEL X,2018
TESLA,MODEL X,2019
TEST,TEST,2022
TOYOTA,4RUNNER,1999
TOYOTA,4RUNNER,2004
TOYOTA,4RUNNER,2006
TOYOTA,4RUNNER,2011
TOYOTA,AVALON,2001
TOYOTA,AVALON,2013
TOYOTA,C-HR,2018
TOYOTA,C-HR,2019
TOYOTA,C-HR,2020
TOYOTA,CAMRY,1994
TOYOTA,CAMRY,2001
TOYOTA,CAMRY,2003
TOYOTA,CAMRY,2004
TOYOTA,CAMRY,2007
TOYOTA,CAMRY,2008
TOYOTA,CAMRY,2009
TOYOTA,CAMRY,2010
TOYOTA,CAMRY,2011
TOYOTA,CAMRY,2012
TOYOTA,CAMRY,2013
TOYOTA,CAMRY,2015
TOYOTA,CAMRY,2016
TOYOTA,CAMRY,2017
TOYOTA,CELICA,2001
TOYOTA,COROLLA,1999
TOYOTA,COROLLA,2001
TOYOTA,COROLLA,2002
TOYOTA,COROLLA,2003
TOYOTA,COROLLA,2005
TOYOTA,COROLLA,2006
TOYOTA,COROLLA,2007
TOYOTA,COROLLA,2008
TOYOTA,COROLLA,2009
TOYOTA,COROLLA,2010
TOYOTA,COROLLA,2012
TOYOTA,COROLLA,2013
TOYOTA,COROLLA,2015
TOYOTA,COROLLA,2016
TOYOTA,COROLLA,2017
TOYOTA,COROLLA,2018
TOYOTA,COROLLA,2019
TOYOTA,COROLLA,2020
TOYOTA,COROLLA,2021
TOYOTA,ECHO,2004
TOYOTA,ECHO,2005
TOYOTA,FJ CRUISER,2007
TOYOTA,FJ CRUISER,2013
TOYOTA,GR SUPRA,2021
TOYOTA,HIGHLANDER HYBRID,2017
TOYOTA,HIGHLANDER HYBRID,2019
TOYOTA,HIGHLANDER HYBRID,2020
TOYOTA,HIGHLANDER HYBRID,2021
TOYOTA,HIGHLANDER,2006
TOYOTA,HIGHLANDER,2007
TOYOTA,HIGHLANDER,2008
TOYOTA,HIGHLANDER,2013
TOYOTA,HIGHLANDER,2019
TOYOTA,LAND CRUISER,2019
TOYOTA,PRIUS C,2013
TOYOTA,PRIUS C,2014
TOYOTA,PRIUS PLUG-IN HYBRID,2014
TOYOTA,PRIUS PLUG-IN HYBRID,2015
TOYOTA,PRIUS V,2013
TOYOTA,PRIUS V,2015
TOYOTA,PRIUS V,2016
TOYOTA,PRIUS V,2017
TOYOTA,PRIUS,2004
TOYOTA,PRIUS,2005
TOYOTA,PRIUS,2007
TOYOTA,PRIUS,2008
TOYOTA,PRIUS,2009
TOYOTA,PRIUS,2010
TOYOTA,PRIUS,2011
TOYOTA,PRIUS,2012
TOYOTA,PRIUS,2013
TOYOTA,PRIUS,2014
TOYOTA,PRIUS,2015
TOYOTA,PRIUS,2016
TOYOTA,PRIUS,2017
TOYOTA,RAV4 HYBRID,2017
TOYOTA,RAV4 HYBRID,2018
TOYOTA,RAV4 HYBRID,2019
TOYOTA,RAV4 HYBRID,2020
TOYOTA,RAV4 HYBRID,2021
TOYOTA,RAV4,2004
TOYOTA,RAV4,2005
TOYOTA,RAV4,2006
TOYOTA,RAV4,2008
TOYOTA,RAV4,2010
TOYOTA,RAV4,2011
TOYOTA,RAV4,2013
TOYOTA,RAV4,2014
TOYOTA,RAV4,2017
TOYOTA,RAV4,2018
TOYOTA,REGULAR CAB,1994
TOYOTA,SEQUOIA,2001
TOYOTA,SEQUOIA,2008
TOYOTA,SIENNA,2011
TOYOTA,SIENNA,2015
TOYOTA,SIENNA,2016
TOYOTA,SIENNA,2018
TOYOTA,SOLARA,2000
TOYOTA,TACOMA ACCESS CAB,2007
TOYOTA,TACOMA DOUBLE CAB,2005
TOYOTA,TACOMA DOUBLE CAB,2006
TOYOTA,TACOMA DOUBLE CAB,2010
TOYOTA,TACOMA DOUBLE CAB,2012
TOYOTA,TACOMA DOUBLE CAB,2015
TOYOTA,TACOMA DOUBLE CAB,2016
TOYOTA,TACOMA DOUBLE CAB,2017
TOYOTA,TACOMA DOUBLE CAB,2018
TOYOTA,TACOMA DOUBLE CAB,2019
TOYOTA,TACOMA REGULAR CAB,2009
TOYOTA,TUNDRA ACCESS CAB,2000
TOYOTA,TUNDRA CREWMAX,2019
TOYOTA,TUNDRA CREWMAX,2021
TOYOTA,TUNDRA DOUBLE CAB,2016
TOYOTA,YARIS HATCHBACK,2020
TOYOTA,YARIS,2007
TOYOTA,YARIS,2008
TOYOTA,YARIS,2009
TOYOTA,YARIS,2011
TOYOTA,YARIS,2012
TOYOTA,YARIS,2013
TOYOTA,YARIS,2017
TOYOTA,YARIS,2019
TOYOTA,YARIS,2020
VOLKSWAGEN,ATLAS CROSS SPORT,2021
VOLKSWAGEN,CABRIOLET,1992
VOLKSWAGEN,CC,2009
VOLKSWAGEN,CC,2012
VOLKSWAGEN,GOLF (NEW),1999
VOLKSWAGEN,GOLF,1992
VOLKSWAGEN,GOLF,1998
VOLKSWAGEN,GOLF,1999
VOLKSWAGEN,GOLF,2001
VOLKSWAGEN,GOLF,2002
VOLKSWAGEN,GOLF,2003
VOLKSWAGEN,GOLF,2004
VOLKSWAGEN,GOLF,2005
VOLKSWAGEN,GOLF,2006
VOLKSWAGEN,GOLF,2007
VOLKSWAGEN,GOLF,2010
VOLKSWAGEN,GOLF,2011
VOLKSWAGEN,GOLF,2014
VOLKSWAGEN,GTI,2013
VOLKSWAGEN,GTI,2016
VOLKSWAGEN,JETTA,2003
VOLKSWAGEN,JETTA,2008
VOLKSWAGEN,JETTA,2013
VOLKSWAGEN,PASSAT (NEW),2001
VOLKSWAGEN,PASSAT,2008
VOLKSWAGEN,PASSAT,2009
VOLKSWAGEN,PASSAT,2010
VOLKSWAGEN,PASSAT,2012
VOLKSWAGEN,PASSAT,2013
VOLKSWAGEN,ROUTAN,2012
VOLKSWAGEN,TAOS,2022
VOLKSWAGEN,TIGUAN,2009
VOLKSWAGEN,TIGUAN,2010
VOLKSWAGEN,TIGUAN,2012
VOLKSWAGEN,TIGUAN,2013
VOLKSWAGEN,TOUAREG 2,2009
VOLKSWAGEN,TOUAREG,2011
VOLKSWAGEN,TOUAREG,2013
VOLKSWAGEN,TOUAREG,2014
VOLKSWAGEN,TOUAREG,2016
VOLKSWAGEN,touran,2011
VOLVO,740,1992
VOLVO,850,1994
VOLVO,S60,2006
VOLVO,V40,2004
VOLVO,V50,2009
VOLVO,V50,2010
VOLVO,V50,2011
VOLVO,V60,2019
VOLVO,V70,2010
VOLVO,XC60,2014
VOLVO,XC70,2006
VOLVO,b8l,2021
VW,GTI,2013
citroen,Berlingo ,2017
make,model,year
opel,zaphira,2018
vauxhall,vectra,2007
